table,student,train,test,value,source
known,vgg,v1_english,v1_english_test,11.3,results/evals/vgg_v1_english/eval_vgg_v1_english__v1_english_test.json
known,vgg,v1_english,v1_urdu_test,11.9,results/evals/vgg_v1_english/eval_vgg_v1_english__v1_urdu_test.json
known,vgg,v2_english,v2_english_test,11.1,results/evals/vgg_v2_english/eval_vgg_v2_english__v2_english_test.json
known,vgg,v2_english,v2_hindi_test,14.8,results/evals/vgg_v2_english/eval_vgg_v2_english__v2_hindi_test.json
known,vgg,v3_english,v3_english_test,10.0,results/evals/vgg_v3_english/eval_vgg_v3_english__v3_english_test.json
known,vgg,v3_english,v3_german_test,7.9,results/evals/vgg_v3_english/eval_vgg_v3_english__v3_german_test.json
known,vgg,v1_urdu,v1_english_test,9.6,results/evals/vgg_v1_urdu/eval_vgg_v1_urdu__v1_english_test.json
known,vgg,v1_urdu,v1_urdu_test,13.1,results/evals/vgg_v1_urdu/eval_vgg_v1_urdu__v1_urdu_test.json
known,vgg,v2_hindi,v2_english_test,11.2,results/evals/vgg_v2_hindi/eval_vgg_v2_hindi__v2_english_test.json
known,vgg,v2_hindi,v2_hindi_test,15.2,results/evals/vgg_v2_hindi/eval_vgg_v2_hindi__v2_hindi_test.json
known,vgg,v3_german,v3_english_test,8.1,results/evals/vgg_v3_german/eval_vgg_v3_german__v3_english_test.json
known,vgg,v3_german,v3_german_test,9.1,results/evals/vgg_v3_german/eval_vgg_v3_german__v3_german_test.json
known,wavlm,v1_english,v1_english_test,14.4,results/evals/wavlm_v1_english/eval_wavlm_v1_english__v1_english_test.json
known,wavlm,v1_english,v1_urdu_test,13.7,results/evals/wavlm_v1_english/eval_wavlm_v1_english__v1_urdu_test.json
known,wavlm,v2_english,v2_english_test,9.8,results/evals/wavlm_v2_english/eval_wavlm_v2_english__v2_english_test.json
known,wavlm,v2_english,v2_hindi_test,15.1,results/evals/wavlm_v2_english/eval_wavlm_v2_english__v2_hindi_test.json
known,wavlm,v3_english,v3_english_test,7.4,results/evals/wavlm_v3_english/eval_wavlm_v3_english__v3_english_test.json
known,wavlm,v3_english,v3_german_test,10.5,results/evals/wavlm_v3_english/eval_wavlm_v3_english__v3_german_test.json
known,wavlm,v1_urdu,v1_english_test,15.5,results/evals/wavlm_v1_urdu/eval_wavlm_v1_urdu__v1_english_test.json
known,wavlm,v1_urdu,v1_urdu_test,17.8,results/evals/wavlm_v1_urdu/eval_wavlm_v1_urdu__v1_urdu_test.json
known,wavlm,v2_hindi,v2_english_test,14.4,results/evals/wavlm_v2_hindi/eval_wavlm_v2_hindi__v2_english_test.json
known,wavlm,v2_hindi,v2_hindi_test,13.5,results/evals/wavlm_v2_hindi/eval_wavlm_v2_hindi__v2_hindi_test.json
known,wavlm,v3_german,v3_english_test,11.4,results/evals/wavlm_v3_german_seed1338/eval_wavlm_v3_german_seed1338__v3_english_test.json
known,wavlm,v3_german,v3_german_test,6.3,results/evals/wavlm_v3_german_seed1338/eval_wavlm_v3_german_seed1338__v3_german_test.json
pooled,vgg,v1_english,v1_urdu_all,12.0,results/evals/vgg_v1_english/eval_vgg_v1_english__v1_urdu_all.json
pooled,vgg,pooled_english,v1_urdu_all,11.7,results/evals/vgg_pooled_english/eval_vgg_pooled_english__v1_urdu_all.json
pooled,vgg,v2_english,v2_hindi_all,12.8,results/evals/vgg_v2_english/eval_vgg_v2_english__v2_hindi_all.json
pooled,vgg,pooled_english,v2_hindi_all,12.7,results/evals/vgg_pooled_english/eval_vgg_pooled_english__v2_hindi_all.json
pooled,vgg,v3_english,v3_german_all,10.6,results/evals/vgg_v3_english/eval_vgg_v3_english__v3_german_all.json
pooled,vgg,pooled_english,v3_german_all,7.3,results/evals/vgg_pooled_english/eval_vgg_pooled_english__v3_german_all.json
pooled,wavlm,v1_english,v1_urdu_all,18.0,results/evals/wavlm_v1_english/eval_wavlm_v1_english__v1_urdu_all.json
pooled,wavlm,pooled_english,v1_urdu_all,16.9,results/evals/wavlm_pooled_english/eval_wavlm_pooled_english__v1_urdu_all.json
pooled,wavlm,v2_english,v2_hindi_all,11.2,results/evals/wavlm_v2_english/eval_wavlm_v2_english__v2_hindi_all.json
pooled,wavlm,pooled_english,v2_hindi_all,15.0,results/evals/wavlm_pooled_english/eval_wavlm_pooled_english__v2_hindi_all.json
pooled,wavlm,v3_english,v3_german_all,14.0,results/evals/wavlm_v3_english/eval_wavlm_v3_english__v3_german_all.json
pooled,wavlm,pooled_english,v3_german_all,7.7,results/evals/wavlm_pooled_english/eval_wavlm_pooled_english__v3_german_all.json
pooled,vgg,v1_urdu,v1_english_all,11.6,results/evals/vgg_v1_urdu/eval_vgg_v1_urdu__v1_english_all.json
pooled,vgg,pooled_nonenglish,v1_english_all,11.7,results/evals/vgg_pooled_nonenglish/eval_vgg_pooled_nonenglish__v1_english_all.json
pooled,vgg,v2_hindi,v2_english_all,13.0,results/evals/vgg_v2_hindi/eval_vgg_v2_hindi__v2_english_all.json
pooled,vgg,pooled_nonenglish,v2_english_all,11.5,results/evals/vgg_pooled_nonenglish/eval_vgg_pooled_nonenglish__v2_english_all.json
pooled,vgg,v3_german,v3_english_all,10.4,results/evals/vgg_v3_german/eval_vgg_v3_german__v3_english_all.json
pooled,vgg,pooled_nonenglish,v3_english_all,8.5,results/evals/vgg_pooled_nonenglish/eval_vgg_pooled_nonenglish__v3_english_all.json
pooled,wavlm,v1_urdu,v1_english_all,16.8,results/evals/wavlm_v1_urdu/eval_wavlm_v1_urdu__v1_english_all.json
pooled,wavlm,pooled_nonenglish,v1_english_all,20.7,results/evals/wavlm_pooled_nonenglish/eval_wavlm_pooled_nonenglish__v1_english_all.json
pooled,wavlm,v2_hindi,v2_english_all,16.7,results/evals/wavlm_v2_hindi/eval_wavlm_v2_hindi__v2_english_all.json
pooled,wavlm,pooled_nonenglish,v2_english_all,16.4,results/evals/wavlm_pooled_nonenglish/eval_wavlm_pooled_nonenglish__v2_english_all.json
pooled,wavlm,v3_german,v3_english_all,8.1,results/evals/wavlm_v3_german_seed1338/eval_wavlm_v3_german_seed1338__v3_english_all.json
pooled,wavlm,pooled_nonenglish,v3_english_all,13.7,results/evals/wavlm_pooled_nonenglish/eval_wavlm_pooled_nonenglish__v3_english_all.json
unknown,vgg,unknown,v3_english_all,9.0,results/evals/vgg_unknown/eval_vgg_unknown__v3_english_all.json
unknown,vgg,unknown,v3_german_all,7.4,results/evals/vgg_unknown/eval_vgg_unknown__v3_german_all.json
unknown,wavlm,unknown,v3_english_all,11.0,results/evals/wavlm_unknown/eval_wavlm_unknown__v3_english_all.json
unknown,wavlm,unknown,v3_german_all,6.6,results/evals/wavlm_unknown/eval_wavlm_unknown__v3_german_all.json
