teacher,version,language,n_clips,neutral,happiness,sadness,surprise,fear,disgust,anger,contempt
poster,v1,english,6850,9.94,34.99,12.25,21.81,1.17,2.67,15.39,1.78
senet,v1,english,6850,89.56,5.36,0.01,3.78,0.0,0.15,1.12,0.01
poster,v1,urdu,12706,5.45,35.5,11.14,20.9,2.5,1.53,22.12,0.87
senet,v1,urdu,12706,88.03,5.42,0.04,3.39,0.0,0.14,2.53,0.45
poster,v2,english,12579,6.53,34.92,11.47,24.86,0.98,1.93,17.31,2.01
senet,v2,english,12579,88.5,1.94,0.01,5.79,0.1,0.63,2.55,0.48
poster,v2,hindi,8136,9.18,31.24,8.62,23.83,1.5,3.92,17.44,4.26
senet,v2,hindi,8136,87.68,4.46,0.0,2.94,0.16,0.26,4.5,0.0
poster,v3,english,1769,1.02,52.29,11.36,18.03,2.88,3.39,8.99,2.04
senet,v3,english,1769,78.46,7.8,0.0,8.93,0.0,0.0,1.75,3.05
poster,v3,german,2043,1.81,65.15,3.92,15.96,2.74,2.55,5.34,2.55
senet,v3,german,2043,81.4,11.26,0.0,6.61,0.0,0.0,0.73,0.0
